{
  "SNR": [
    0,
    5,
    10,
    15,
    20,
    25,
    30
  ],
  "LS": [
    -0.001300446892855689,
    -4.9989670515060425,
    -10.001400709152222,
    -15.002142190933228,
    -20.000624656677246,
    -24.999160766601562,
    -29.998416900634766
  ],
  "LMMSE": [
    -1.40441432595253,
    -6.161954998970032,
    -10.466874837875366,
    -13.80109190940857,
    -15.774738788604736,
    -16.6467547416687,
    -16.96190595626831
  ],
  "ReEsNet": [
    -13.745256662368774,
    -18.058812618255615,
    -21.932804584503174,
    -25.48358917236328,
    -28.62797737121582,
    -30.8145809173584,
    -31.905231475830078
  ]
}